first_name,last_name,email,Mailing Address,City,State,Postal Code,Country,Account,Deparment,Title
Noreen,Lambot,nlambot0@cnet.com,2177 Fulton Place,Salt Lake City,Utah,84152,United States,0013t00002aigpUAAQ,Accounting,Legal Assistant
Peadar,Moncrieffe,pmoncrieffe1@wikia.com,9931 Ohio Crossing,Salt Lake City,Utah,84125,United States,0013t00002aigpUAAQ,Human Resources,Sales Associate
Dolley,Cowhig,dcowhig2@networksolutions.com,18683 Red Cloud Street,Ogden,Utah,84403,United States,0013t00002aigpUAAQ,Human Resources,Editor
Matilda,Yosselevitch,myosselevitch3@hp.com,4 Ramsey Terrace,Salt Lake City,Utah,84199,United States,0013t00002aigpUAAQ,Research and Development,Financial Analyst
Selina,Probat,sprobat4@indiegogo.com,62 Lotheville Street,Salt Lake City,Utah,84170,United States,0013t00002aigpUAAQ,Services,Data Coordiator
Adorne,Fitzsimon,afitzsimon5@ovh.net,585 Granby Avenue,Ogden,Utah,84403,United States,0013t00002aigpUAAQ,Accounting,Information Systems Manager
Carri,McPhilemy,cmcphilemy6@elegantthemes.com,483 Mitchell Plaza,Salt Lake City,Utah,84170,United States,0013t00002aigpUAAQ,Services,VP Accounting
Tull,Caplen,tcaplen7@newyorker.com,3111 Anthes Pass,Salt Lake City,Utah,84152,United States,0013t00002aigpUAAQ,Services,VP Accounting
Michele,Delatour,mdelatour8@google.de,292 Aberg Point,Sandy,Utah,84093,United States,0013t00002aigpUAAQ,Research and Development,Software Test Engineer IV
Asia,Slatter,aslatter9@zimbio.com,536 Moulton Way,Salt Lake City,Utah,84189,United States,0013t00002aigpUAAQ,Engineering,Senior Quality Engineer
Pembroke,McGrann,pmcgranna@oracle.com,010 Grover Park,Salt Lake City,Utah,84130,United States,0013t00002aigpUAAQ,Human Resources,Health Coach I
Odessa,Alyukin,oalyukinb@sciencedirect.com,8294 Brown Pass,Salt Lake City,Utah,84130,United States,0013t00002aigpUAAQ,Research and Development,Web Developer I
Rafferty,Heinecke,rheineckec@walmart.com,2 Shoshone Road,Salt Lake City,Utah,84120,United States,0013t00002aigpUAAQ,Business Development,Tax Accountant
Richmond,Arnli,rarnlid@squidoo.com,3 Alpine Way,Salt Lake City,Utah,84189,United States,0013t00002aigpUAAQ,Human Resources,Human Resources Assistant III
Jesse,Cornelius,jcorneliuse@nasa.gov,07 High Crossing Trail,Salt Lake City,Utah,84189,United States,0013t00002aigpUAAQ,Marketing,GIS Technical Architect
Isador,Mendus,imendusf@admin.ch,3 Iowa Lane,Salt Lake City,Utah,84135,United States,0013t00002aigpUAAQ,Engineering,Quality Control Specialist
Max,Amsden,mamsdeng@elegantthemes.com,747 Orin Terrace,Salt Lake City,Utah,84189,United States,0013t00002aigpUAAQ,Support,Technical Writer
Karine,Wickling,kwicklingh@army.mil,6 Homewood Crossing,Salt Lake City,Utah,84170,United States,0013t00002aigpUAAQ,Sales,Human Resources Assistant I
Lian,Fitzhenry,lfitzhenryi@google.co.jp,701 Tennyson Lane,Salt Lake City,Utah,84189,United States,0013t00002aigpUAAQ,Marketing,Chemical Engineer
Odelle,McEntee,omcenteej@mac.com,500 Gateway Street,Salt Lake City,Utah,84189,United States,0013t00002aigpUAAQ,Services,Computer Systems Analyst III
Rhianna,Albers,ralbersk@hostgator.com,87236 Raven Avenue,Salt Lake City,Utah,84140,United States,0013t00002aigpUAAQ,Human Resources,Human Resources Manager
Tally,Gilhespy,tgilhespyl@ibm.com,7142 Arapahoe Junction,Ogden,Utah,84409,United States,0013t00002aigpUAAQ,Product Management,Administrative Officer
Othello,Scanlon,oscanlonm@exblog.jp,038 Kings Trail,Ogden,Utah,84403,United States,0013t00002aigpUAAQ,Services,GIS Technical Architect
Leonid,Padly,lpadlyn@imageshack.us,96 Sunnyside Hill,Salt Lake City,Utah,84170,United States,0013t00002aigpUAAQ,Training,Account Executive
Cesaro,Mullally,cmullallyo@techcrunch.com,5 Mitchell Plaza,Sandy,Utah,84093,United States,0013t00002aigpUAAQ,Engineering,Human Resources Assistant II
Mackenzie,Earlam,mearlamp@wisc.edu,540 Larry Park,Salt Lake City,Utah,84135,United States,0013t00002aigpUAAQ,Human Resources,Chemical Engineer
Wright,Wollrauch,wwollrauchq@symantec.com,5 Farwell Road,Ogden,Utah,84409,United States,0013t00002aigpUAAQ,Legal,Nurse
Marlo,Jozaitis,mjozaitisr@home.pl,42 Sunfield Pass,Salt Lake City,Utah,84105,United States,0013t00002aigpUAAQ,Research and Development,Human Resources Assistant IV
Catrina,Simnell,csimnells@angelfire.com,273 Shelley Trail,Salt Lake City,Utah,84130,United States,0013t00002aigpUAAQ,Product Management,Actuary
Lisette,Orehead,loreheadt@squidoo.com,0 Transport Street,Salt Lake City,Utah,84135,United States,0013t00002aigpUAAQ,Legal,Physical Therapy Assistant
Maxy,Manuely,mmanuelyu@pbs.org,5651 Bunting Junction,Salt Lake City,Utah,84199,United States,0013t00002aigpUAAQ,Legal,Executive Secretary
Celina,Derwin,cderwinv@walmart.com,2029 Mifflin Street,Salt Lake City,Utah,84152,United States,0013t00002aigpUAAQ,Product Management,Programmer II
Darryl,Haburne,dhaburnew@odnoklassniki.ru,5 Pine View Pass,Ogden,Utah,84409,United States,0013t00002aigpUAAQ,Accounting,Food Chemist
Stevena,Cure,scurex@ehow.com,13 Veith Terrace,Salt Lake City,Utah,84115,United States,0013t00002aigpUAAQ,Human Resources,Cost Accountant
Alissa,Aldrich,aaldrichy@ifeng.com,716 Boyd Drive,Ogden,Utah,84403,United States,0013t00002aigpUAAQ,Support,Technical Writer
Missie,Itzkovwich,mitzkovwichz@wikimedia.org,9 Macpherson Avenue,Ogden,Utah,84403,United States,0013t00002aigpUAAQ,Marketing,Quality Engineer
Kristos,Mulholland,kmulholland10@hostgator.com,17438 Claremont Plaza,Salt Lake City,Utah,84189,United States,0013t00002aigpUAAQ,Sales,Senior Developer
Tuck,Norledge,tnorledge11@storify.com,997 Barnett Lane,Provo,Utah,84605,United States,0013t00002aigpUAAQ,Services,Nuclear Power Engineer
Chancey,Aucott,caucott12@gmpg.org,533 Delaware Junction,Salt Lake City,Utah,84140,United States,0013t00002aigpUAAQ,Marketing,Analyst Programmer
Garwood,Altimas,galtimas13@domainmarket.com,278 Butterfield Avenue,Salt Lake City,Utah,84135,United States,0013t00002aigpUAAQ,Services,Quality Engineer
Vaughn,Bleby,vbleby14@skype.com,8362 Union Plaza,Salt Lake City,Utah,84135,United States,0013t00002aigpUAAQ,Business Development,Librarian
Rosabella,Rubrow,rrubrow15@hao123.com,4479 Vahlen Center,Salt Lake City,Utah,84115,United States,0013t00002aigpUAAQ,Business Development,Assistant Media Planner
Mollie,Prosek,mprosek16@phoca.cz,86472 Ramsey Court,Salt Lake City,Utah,84135,United States,0013t00002aigpUAAQ,Sales,Product Engineer
Rochelle,Baversor,rbaversor17@home.pl,0579 Calypso Avenue,Salt Lake City,Utah,84120,United States,0013t00002aigpUAAQ,Legal,Accounting Assistant II
Odelinda,Gert,ogert18@bandcamp.com,403 Bonner Way,Salt Lake City,Utah,84120,United States,0013t00002aigpUAAQ,Marketing,Account Coordinator
Willy,Blaine,wblaine19@about.com,74 Morrow Parkway,Salt Lake City,Utah,84120,United States,0013t00002aigpUAAQ,Support,Research Associate
Raleigh,Karpe,rkarpe1a@domainmarket.com,3 Longview Junction,Salt Lake City,Utah,84145,United States,0013t00002aigpUAAQ,Research and Development,Recruiter
Tawsha,Pritchett,tpritchett1b@cmu.edu,23 Sommers Street,Salt Lake City,Utah,84145,United States,0013t00002aigpUAAQ,Support,Senior Developer
Dani,Raffin,draffin1c@cisco.com,4747 Prairieview Point,Ogden,Utah,84403,United States,0013t00002aigpUAAQ,Support,Biostatistician IV
Kennedy,Hek,khek1d@ifeng.com,47538 Anhalt Center,Salt Lake City,Utah,84152,United States,0013t00002aigpUAAQ,Training,Safety Technician II
Dionne,Feechum,dfeechum1e@google.nl,5 Schiller Junction,Salt Lake City,Utah,84115,United States,0013t00002aigpUAAQ,Sales,General Manager
Clerissa,Mawer,cmawer1f@chron.com,8 Warrior Pass,Salt Lake City,Utah,84125,United States,0013t00002aigpUAAQ,Accounting,Software Test Engineer I
Florence,Lanmeid,flanmeid1g@hostgator.com,8445 Magdeline Way,Salt Lake City,Utah,84115,United States,0013t00002aigpUAAQ,Product Management,Internal Auditor
Adriane,Glashby,aglashby1h@exblog.jp,652 East Parkway,Salt Lake City,Utah,84152,United States,0013t00002aigpUAAQ,Engineering,Developer II
Torrin,MacDwyer,tmacdwyer1i@apache.org,7541 Mesta Point,Salt Lake City,Utah,84130,United States,0013t00002aigpUAAQ,Training,Chemical Engineer
Stefano,Reveley,sreveley1j@answers.com,61 Waywood Alley,Ogden,Utah,84409,United States,0013t00002aigpUAAQ,Support,Staff Accountant IV
Wendall,Banasevich,wbanasevich1k@who.int,7371 Vidon Court,Salt Lake City,Utah,84120,United States,0013t00002aigpUAAQ,Accounting,Account Executive
Lewie,Keyzman,lkeyzman1l@devhub.com,9215 Meadow Valley Junction,Salt Lake City,Utah,84110,United States,0013t00002aigpUAAQ,Marketing,Technical Writer
Antin,Reyner,areyner1m@spiegel.de,8 Thompson Crossing,Salt Lake City,Utah,84145,United States,0013t00002aigpUAAQ,Support,Data Coordiator
Tabby,Sarfatti,tsarfatti1n@pinterest.com,514 2nd Plaza,Ogden,Utah,84409,United States,0013t00002aigpUAAQ,Engineering,Data Coordiator
Orran,Walshaw,owalshaw1o@gmpg.org,9 Laurel Terrace,Provo,Utah,84605,United States,0013t00002aigpUAAQ,Accounting,Paralegal
Mignon,Grassot,mgrassot1p@arstechnica.com,985 Ridgeway Alley,Salt Lake City,Utah,84120,United States,0013t00002aigpUAAQ,Support,Marketing Assistant
Eldon,Crumb,ecrumb1q@squidoo.com,167 Coolidge Pass,Salt Lake City,Utah,84115,United States,0013t00002aigpUAAQ,Human Resources,Teacher
Giulia,Conibere,gconibere1r@sourceforge.net,93473 Sachtjen Park,Salt Lake City,Utah,84170,United States,0013t00002aigpUAAQ,Support,Account Coordinator
Eustacia,Fussie,efussie1s@youtu.be,5 Gina Place,Salt Lake City,Utah,84115,United States,0013t00002aigpUAAQ,Sales,Project Manager
Cornelius,Tilzey,ctilzey1t@jugem.jp,86969 Elka Lane,Provo,Utah,84605,United States,0013t00002aigpUAAQ,Human Resources,Web Developer IV
Joshuah,Culleford,jculleford1u@yale.edu,03480 Karstens Street,Salt Lake City,Utah,84145,United States,0013t00002aigpUAAQ,Business Development,Chief Design Engineer
Gilberto,Saffe,gsaffe1v@uiuc.edu,94585 Texas Trail,Salt Lake City,Utah,84135,United States,0013t00002aigpUAAQ,Business Development,Biostatistician I
Benny,Aronow,baronow1w@joomla.org,7571 Melrose Road,Ogden,Utah,84409,United States,0013t00002aigpUAAQ,Product Management,Staff Accountant I
Catherine,Trippick,ctrippick1x@cisco.com,58102 Shopko Center,Salt Lake City,Utah,84135,United States,0013t00002aigpUAAQ,Product Management,Account Coordinator
Egan,Housegoe,ehousegoe1y@nationalgeographic.com,10 Rigney Drive,Salt Lake City,Utah,84140,United States,0013t00002aigpUAAQ,Human Resources,Administrative Officer
Giusto,Seeds,gseeds1z@oaic.gov.au,07092 Thompson Court,Provo,Utah,84605,United States,0013t00002aigpUAAQ,Sales,Safety Technician III
Bennie,Coatts,bcoatts20@hud.gov,28825 Autumn Leaf Hill,Salt Lake City,Utah,84140,United States,0013t00002aigpUAAQ,Human Resources,VP Quality Control
Rheba,Gilfether,rgilfether21@about.com,10 Aberg Place,Provo,Utah,84605,United States,0013t00002aigpUAAQ,Research and Development,Sales Associate
Alexi,Grimestone,agrimestone22@cdc.gov,8 Evergreen Avenue,Salt Lake City,Utah,84130,United States,0013t00002aigpUAAQ,Accounting,GIS Technical Architect
Lavena,Rippon,lrippon23@vimeo.com,58 Westport Drive,Sandy,Utah,84093,United States,0013t00002aigpUAAQ,Sales,Systems Administrator IV
Rafaelia,Rixon,rrixon24@soundcloud.com,81959 Spohn Lane,Salt Lake City,Utah,84130,United States,0013t00002aigpUAAQ,Services,Internal Auditor
Levi,Merit,lmerit25@stanford.edu,39 Service Court,Salt Lake City,Utah,84170,United States,0013t00002aigpUAAQ,Legal,Senior Sales Associate
Oren,Haliburn,ohaliburn26@ameblo.jp,6 Blaine Center,Provo,Utah,84605,United States,0013t00002aigpUAAQ,Support,Community Outreach Specialist
Dina,Haliburn,dhaliburn27@sun.com,373 Walton Drive,Salt Lake City,Utah,84152,United States,0013t00002aigpUAAQ,Sales,Registered Nurse
Adrianna,McCorkindale,amccorkindale28@buzzfeed.com,89586 Sauthoff Plaza,Sandy,Utah,84093,United States,0013t00002aigpUAAQ,Sales,Help Desk Technician
Yasmin,Gerler,ygerler29@aboutads.info,4816 Barby Hill,Salt Lake City,Utah,84115,United States,0013t00002aigpUAAQ,Business Development,GIS Technical Architect
Darline,Plaid,dplaid2a@ezinearticles.com,86678 Welch Junction,Salt Lake City,Utah,84115,United States,0013t00002aigpUAAQ,Marketing,Web Developer II
Clim,Maplethorpe,cmaplethorpe2b@bizjournals.com,04 Grim Court,Provo,Utah,84605,United States,0013t00002aigpUAAQ,Marketing,Information Systems Manager
Kalli,Cahn,kcahn2c@umich.edu,591 Lyons Parkway,Salt Lake City,Utah,84130,United States,0013t00002aigpUAAQ,Business Development,General Manager
Shari,Secrett,ssecrett2d@newsvine.com,991 Bonner Lane,Salt Lake City,Utah,84110,United States,0013t00002aigpUAAQ,Product Management,Project Manager
Mead,Enefer,menefer2e@earthlink.net,45 5th Circle,Provo,Utah,84605,United States,0013t00002aigpUAAQ,Legal,Assistant Media Planner
Westbrook,Flarity,wflarity2f@marriott.com,63 Vahlen Terrace,Salt Lake City,Utah,84152,United States,0013t00002aigpUAAQ,Legal,Accounting Assistant III
Staffard,Coakley,scoakley2g@cdbaby.com,7 Lighthouse Bay Avenue,Salt Lake City,Utah,84110,United States,0013t00002aigpUAAQ,Training,Paralegal
Jeane,Di Franceshci,jdifranceshci2h@dmoz.org,84 Gale Pass,Ogden,Utah,84409,United States,0013t00002aigpUAAQ,Business Development,Human Resources Assistant IV
Christi,Jaouen,cjaouen2i@loc.gov,911 Ryan Terrace,Salt Lake City,Utah,84145,United States,0013t00002aigpUAAQ,Legal,Automation Specialist I
Rosamund,Gilyott,rgilyott2j@webs.com,1 Dennis Drive,Salt Lake City,Utah,84135,United States,0013t00002aigpUAAQ,Marketing,Senior Financial Analyst
Welch,Laneham,wlaneham2k@google.de,97139 Karstens Court,Salt Lake City,Utah,84125,United States,0013t00002aigpUAAQ,Services,Marketing Assistant
Linn,Edinburough,ledinburough2l@csmonitor.com,1 Hazelcrest Trail,Sandy,Utah,84093,United States,0013t00002aigpUAAQ,Accounting,Recruiter
Luciana,Spoward,lspoward2m@nih.gov,6034 Susan Court,Salt Lake City,Utah,84152,United States,0013t00002aigpUAAQ,Legal,Senior Developer
Rubin,Fettes,rfettes2n@bigcartel.com,6108 Kingsford Street,Salt Lake City,Utah,84120,United States,0013t00002aigpUAAQ,Business Development,Social Worker
Miguelita,Seavers,mseavers2o@home.pl,60436 Autumn Leaf Hill,Ogden,Utah,84403,United States,0013t00002aigpUAAQ,Training,Speech Pathologist
Sebastiano,Olivi,solivi2p@samsung.com,6 Westridge Road,Salt Lake City,Utah,84115,United States,0013t00002aigpUAAQ,Engineering,Administrative Officer
Kippy,Murdy,kmurdy2q@patch.com,197 Vernon Place,Sandy,Utah,84093,United States,0013t00002aigpUAAQ,Services,Software Consultant
Gianna,Symes,gsymes2r@huffingtonpost.com,6 Ilene Terrace,Salt Lake City,Utah,84110,United States,0013t00002aigpUAAQ,Support,Structural Engineer
Giulietta,Caddock,gcaddock2s@meetup.com,7 Sachtjen Road,Ogden,Utah,84403,United States,0013t00002aigpUAAQ,Training,Web Designer II
Axel,Cozzi,acozzi2t@ow.ly,224 Browning Center,Salt Lake City,Utah,84120,United States,0013t00002aigpUAAQ,Sales,Occupational Therapist
Guendolen,Le Quesne,glequesne2u@furl.net,4190 Roth Circle,Salt Lake City,Utah,84130,United States,0013t00002aigpUAAQ,Marketing,Payment Adjustment Coordinator
Maurise,Deniscke,mdeniscke2v@flickr.com,3037 Heath Road,Sandy,Utah,84093,United States,0013t00002aigpUAAQ,Accounting,Junior Executive
Bobbe,Kencott,bkencott2w@berkeley.edu,955 Brickson Park Terrace,Salt Lake City,Utah,84110,United States,0013t00002aigpUAAQ,Accounting,Senior Quality Engineer
Stormie,Kennham,skennham2x@live.com,3017 Ridgeview Terrace,Salt Lake City,Utah,84152,United States,0013t00002aigpUAAQ,Support,Research Associate
Pietro,Baxstare,pbaxstare2y@mapquest.com,152 Crowley Road,Salt Lake City,Utah,84152,United States,0013t00002aigpUAAQ,Business Development,Professor
Tania,Espinoza,tespinoza2z@hao123.com,3586 Northridge Way,Salt Lake City,Utah,84120,United States,0013t00002aigpUAAQ,Services,VP Accounting
Kacey,Getcliffe,kgetcliffe30@usa.gov,1 Spenser Crossing,Salt Lake City,Utah,84152,United States,0013t00002aigpUAAQ,Legal,Sales Representative
Nola,Trussler,ntrussler31@blog.com,8 Hoffman Court,Sandy,Utah,84093,United States,0013t00002aigpUAAQ,Support,Quality Control Specialist
Letisha,Trevon,ltrevon32@washington.edu,2 Aberg Point,Salt Lake City,Utah,84115,United States,0013t00002aigpUAAQ,Accounting,Account Representative IV
Linnell,Cudmore,lcudmore33@cnbc.com,9 Harper Street,Salt Lake City,Utah,84152,United States,0013t00002aigpUAAQ,Accounting,Tax Accountant
Joanne,Hurcombe,jhurcombe34@technorati.com,92377 John Wall Way,Sandy,Utah,84093,United States,0013t00002aigpUAAQ,Sales,Structural Engineer
Karin,Leighton,kleighton35@youtu.be,53 Daystar Avenue,Salt Lake City,Utah,84105,United States,0013t00002aigpUAAQ,Engineering,Compensation Analyst
Hugibert,Dedman,hdedman36@upenn.edu,85534 Sauthoff Crossing,Ogden,Utah,84403,United States,0013t00002aigpUAAQ,Sales,Registered Nurse
Brunhilda,Roxbrough,broxbrough37@yolasite.com,53335 Wayridge Court,Salt Lake City,Utah,84170,United States,0013t00002aigpUAAQ,Training,Accountant IV
Roderigo,Birrell,rbirrell38@youku.com,4 Loeprich Avenue,Salt Lake City,Utah,84125,United States,0013t00002aigpUAAQ,Human Resources,Occupational Therapist
Arlyn,Holdren,aholdren39@irs.gov,91185 Buhler Pass,Salt Lake City,Utah,84110,United States,0013t00002aigpUAAQ,Research and Development,Structural Engineer
Ximenez,Bromehed,xbromehed3a@ft.com,94 Buell Plaza,Salt Lake City,Utah,84105,United States,0013t00002aigpUAAQ,Services,Account Coordinator
Gipsy,Bails,gbails3b@ucoz.com,194 Fair Oaks Trail,Salt Lake City,Utah,84189,United States,0013t00002aigpUAAQ,Legal,Graphic Designer
Ginger,Asmus,gasmus3c@moonfruit.com,4481 School Street,Salt Lake City,Utah,84105,United States,0013t00002aigpUAAQ,Marketing,General Manager
Nilson,Bennellick,nbennellick3d@mit.edu,071 Loomis Park,Salt Lake City,Utah,84125,United States,0013t00002aigpUAAQ,Human Resources,Web Designer I
Vin,Du Fray,vdufray3e@sourceforge.net,807 Service Way,Salt Lake City,Utah,84115,United States,0013t00002aigpUAAQ,Engineering,VP Marketing
Jarrid,Kneale,jkneale3f@time.com,01 Stone Corner Parkway,Salt Lake City,Utah,84125,United States,0013t00002aigpUAAQ,Services,Research Nurse
Ripley,Mummery,rmummery3g@msn.com,17994 5th Lane,Salt Lake City,Utah,84105,United States,0013t00002aigpUAAQ,Support,Marketing Manager
Benny,Poulston,bpoulston3h@examiner.com,251 Farragut Place,Salt Lake City,Utah,84105,United States,0013t00002aigpUAAQ,Human Resources,Community Outreach Specialist
Mariam,Guerreru,mguerreru3i@instagram.com,7742 Maywood Way,Salt Lake City,Utah,84120,United States,0013t00002aigpUAAQ,Training,Research Assistant IV
Cassandra,Moland,cmoland3j@google.com.au,588 Coolidge Crossing,Provo,Utah,84605,United States,0013t00002aigpUAAQ,Support,Research Associate
Anni,Beals,abeals3k@furl.net,2 Memorial Pass,Salt Lake City,Utah,84189,United States,0013t00002aigpUAAQ,Research and Development,Structural Engineer
Nanete,Scorey,nscorey3l@paginegialle.it,1 Swallow Junction,Salt Lake City,Utah,84189,United States,0013t00002aigpUAAQ,Marketing,Media Manager III
Demetria,Baskerville,dbaskerville3m@flavors.me,35375 School Trail,Salt Lake City,Utah,84152,United States,0013t00002aigpUAAQ,Sales,Product Engineer
Barnabas,Lethibridge,blethibridge3n@stanford.edu,922 Jay Parkway,Salt Lake City,Utah,84170,United States,0013t00002aigpUAAQ,Marketing,Social Worker
Fidelity,Gores,fgores3o@irs.gov,5 Brown Lane,Provo,Utah,84605,United States,0013t00002aigpUAAQ,Engineering,VP Product Management
Natale,Yearron,nyearron3p@wunderground.com,586 Lighthouse Bay Park,Salt Lake City,Utah,84189,United States,0013t00002aigpUAAQ,Services,Registered Nurse
Harwilll,Putterill,hputterill3q@wiley.com,840 Butternut Avenue,Salt Lake City,Utah,84170,United States,0013t00002aigpUAAQ,Human Resources,Help Desk Operator
Rasla,Squibbs,rsquibbs3r@japanpost.jp,9431 Scoville Alley,Salt Lake City,Utah,84140,United States,0013t00002aigpUAAQ,Business Development,VP Sales
Jeralee,Thomke,jthomke3s@symantec.com,1942 Elka Hill,Salt Lake City,Utah,84145,United States,0013t00002aigpUAAQ,Marketing,Safety Technician IV
Olenolin,Matkovic,omatkovic3t@nature.com,7579 Daystar Plaza,Salt Lake City,Utah,84105,United States,0013t00002aigpUAAQ,Training,Sales Associate
Bill,Gheorghie,bgheorghie3u@jalbum.net,0 Sunbrook Park,Salt Lake City,Utah,84130,United States,0013t00002aigpUAAQ,Business Development,Marketing Assistant
Caralie,McGrotty,cmcgrotty3v@liveinternet.ru,3142 Thompson Terrace,Salt Lake City,Utah,84199,United States,0013t00002aigpUAAQ,Training,Account Coordinator
Marlon,Oldershaw,moldershaw3w@google.nl,83558 Mitchell Pass,Ogden,Utah,84403,United States,0013t00002aigpUAAQ,Support,Senior Editor
Vicky,Dine-Hart,vdinehart3x@weebly.com,41 Katie Road,Salt Lake City,Utah,84120,United States,0013t00002aigpUAAQ,Services,Office Assistant II
Lindy,Zimmer,lzimmer3y@scientificamerican.com,2493 Kedzie Court,Salt Lake City,Utah,84110,United States,0013t00002aigpUAAQ,Product Management,Research Assistant IV
Delly,Skeemer,dskeemer3z@google.com.hk,69835 Elmside Point,Ogden,Utah,84409,United States,0013t00002aigpUAAQ,Marketing,Accountant I
Silvan,Eede,seede40@arstechnica.com,32969 Oxford Avenue,Salt Lake City,Utah,84115,United States,0013t00002aigpUAAQ,Business Development,Research Nurse
Kirsten,Polak,kpolak41@craigslist.org,88136 Bayside Center,Salt Lake City,Utah,84110,United States,0013t00002aigpUAAQ,Business Development,Structural Engineer
Robert,Sturdey,rsturdey42@unblog.fr,89 Delladonna Court,Salt Lake City,Utah,84120,United States,0013t00002aigpUAAQ,Engineering,Administrative Officer
Athene,Nanetti,ananetti43@unblog.fr,46750 Bluestem Center,Salt Lake City,Utah,84145,United States,0013t00002aigpUAAQ,Marketing,Developer I
Ilyssa,O' Mullan,iomullan44@berkeley.edu,79052 Colorado Park,Salt Lake City,Utah,84152,United States,0013t00002aigpUAAQ,Marketing,Safety Technician III
Tony,Leverentz,tleverentz45@merriam-webster.com,33 Saint Paul Terrace,Salt Lake City,Utah,84170,United States,0013t00002aigpUAAQ,Human Resources,Food Chemist
Marijo,Laite,mlaite46@berkeley.edu,6 Valley Edge Place,Provo,Utah,84605,United States,0013t00002aigpUAAQ,Sales,Business Systems Development Analyst
Danny,Hegg,dhegg47@g.co,78638 School Terrace,Salt Lake City,Utah,84130,United States,0013t00002aigpUAAQ,Support,Sales Representative
Lizabeth,Mugglestone,lmugglestone48@deliciousdays.com,6716 Northland Trail,Salt Lake City,Utah,84199,United States,0013t00002aigpUAAQ,Training,Graphic Designer
Kirsti,Tyne,ktyne49@elegantthemes.com,35 Straubel Alley,Salt Lake City,Utah,84110,United States,0013t00002aigpUAAQ,Training,Geological Engineer
Geordie,Beert,gbeert4a@springer.com,6 Northwestern Trail,Ogden,Utah,84409,United States,0013t00002aigpUAAQ,Engineering,Quality Control Specialist
Garey,Shacklady,gshacklady4b@altervista.org,45735 Main Trail,Salt Lake City,Utah,84130,United States,0013t00002aigpUAAQ,Marketing,Chief Design Engineer
Heda,Woolard,hwoolard4c@goodreads.com,394 Hudson Avenue,Salt Lake City,Utah,84189,United States,0013t00002aigpUAAQ,Engineering,Structural Analysis Engineer
Lorene,Verlander,lverlander4d@skype.com,43208 Carpenter Circle,Salt Lake City,Utah,84189,United States,0013t00002aigpUAAQ,Research and Development,Director of Sales
Gregorio,Paolacci,gpaolacci4e@trellian.com,20952 Miller Junction,Ogden,Utah,84409,United States,0013t00002aigpUAAQ,Accounting,Nurse
Alvinia,Schanke,aschanke4f@unesco.org,99 Del Mar Terrace,Sandy,Utah,84093,United States,0013t00002aigpUAAQ,Legal,VP Accounting
Hilde,Sprake,hsprake4g@hostgator.com,4 Ramsey Place,Salt Lake City,Utah,84115,United States,0013t00002aigpUAAQ,Research and Development,Librarian
Patti,Lansdowne,plansdowne4h@devhub.com,9 Prairie Rose Street,Provo,Utah,84605,United States,0013t00002aigpUAAQ,Engineering,Project Manager
Collie,Kittiman,ckittiman4i@cbslocal.com,4 Red Cloud Street,Sandy,Utah,84093,United States,0013t00002aigpUAAQ,Research and Development,VP Sales
Geraldine,Velareal,gvelareal4j@cnbc.com,92 Heffernan Street,Ogden,Utah,84403,United States,0013t00002aigpUAAQ,Training,VP Marketing
Lulu,Nand,lnand4k@unblog.fr,041 Golden Leaf Drive,Salt Lake City,Utah,84145,United States,0013t00002aigpUAAQ,Sales,Assistant Manager
Ephrayim,Ruppel,eruppel4l@nydailynews.com,9 Cascade Court,Sandy,Utah,84093,United States,0013t00002aigpUAAQ,Training,Nuclear Power Engineer
Rozanne,Stanton,rstanton4m@printfriendly.com,3 Tomscot Drive,Salt Lake City,Utah,84110,United States,0013t00002aigpUAAQ,Services,Sales Associate
Laina,Jollie,ljollie4n@soundcloud.com,6477 Linden Circle,Ogden,Utah,84409,United States,0013t00002aigpUAAQ,Services,Dental Hygienist
Karlens,Chaytor,kchaytor4o@yelp.com,3 Kenwood Terrace,Ogden,Utah,84409,United States,0013t00002aigpUAAQ,Human Resources,Financial Advisor
Erskine,Siveter,esiveter4p@webmd.com,095 Raven Street,Ogden,Utah,84409,United States,0013t00002aigpUAAQ,Human Resources,General Manager
Barclay,McCourt,bmccourt4q@bloglovin.com,5 Kingsford Alley,Salt Lake City,Utah,84125,United States,0013t00002aigpUAAQ,Accounting,Research Associate
Abner,Stickland,astickland4r@cornell.edu,3526 South Trail,Salt Lake City,Utah,84199,United States,0013t00002aigpUAAQ,Research and Development,Health Coach I
Papageno,Bettison,pbettison4s@gov.uk,0 Goodland Point,Salt Lake City,Utah,84140,United States,0013t00002aigpUAAQ,Business Development,Director of Sales
Rafaela,Harpham,rharpham4t@sitemeter.com,47 Memorial Point,Provo,Utah,84605,United States,0013t00002aigpUAAQ,Legal,Teacher
Christophe,Wickrath,cwickrath4u@tinyurl.com,94356 Rieder Point,Salt Lake City,Utah,84145,United States,0013t00002aigpUAAQ,Support,Administrative Officer
Thorvald,O'Concannon,toconcannon4v@uiuc.edu,326 Mifflin Point,Ogden,Utah,84409,United States,0013t00002aigpUAAQ,Engineering,Marketing Assistant
Hedda,Havelin,hhavelin4w@chronoengine.com,7188 Kipling Court,Salt Lake City,Utah,84199,United States,0013t00002aigpUAAQ,Business Development,Cost Accountant
Yuri,Crossfeld,ycrossfeld4x@sciencedaily.com,3 Kipling Lane,Ogden,Utah,84409,United States,0013t00002aigpUAAQ,Human Resources,Senior Editor
Benedikt,Fransoni,bfransoni4y@google.es,49449 Westport Hill,Ogden,Utah,84409,United States,0013t00002aigpUAAQ,Product Management,Automation Specialist IV
Gayelord,Pitcaithley,gpitcaithley4z@washingtonpost.com,71 Division Crossing,Salt Lake City,Utah,84152,United States,0013t00002aigpUAAQ,Product Management,Statistician III
Keelby,Parnaby,kparnaby50@usa.gov,0 Forest Dale Terrace,Salt Lake City,Utah,84135,United States,0013t00002aigpUAAQ,Product Management,Quality Engineer
Etienne,Escale,eescale51@fc2.com,3553 Warner Circle,Salt Lake City,Utah,84145,United States,0013t00002aigpUAAQ,Services,Chief Design Engineer
Wenona,Rawne,wrawne52@yale.edu,32 Larry Way,Salt Lake City,Utah,84125,United States,0013t00002aigpUAAQ,Engineering,Quality Engineer
Zarla,Eveque,zeveque53@arstechnica.com,593 Homewood Drive,Salt Lake City,Utah,84199,United States,0013t00002aigpUAAQ,Research and Development,Data Coordiator
Daniele,Mewhirter,dmewhirter54@xrea.com,4931 Donald Hill,Salt Lake City,Utah,84145,United States,0013t00002aigpUAAQ,Services,Senior Financial Analyst
Germana,Rentelll,grentelll55@cnn.com,1804 Fair Oaks Place,Provo,Utah,84605,United States,0013t00002aigpUAAQ,Accounting,Office Assistant III
Lara,Doodney,ldoodney56@utexas.edu,4562 Granby Road,Salt Lake City,Utah,84189,United States,0013t00002aigpUAAQ,Business Development,Accounting Assistant I
Kipp,Kelberman,kkelberman57@yahoo.com,63 Kim Avenue,Salt Lake City,Utah,84152,United States,0013t00002aigpUAAQ,Product Management,Social Worker
Talbert,McCloughen,tmccloughen58@1688.com,4 Butterfield Court,Salt Lake City,Utah,84189,United States,0013t00002aigpUAAQ,Business Development,Web Developer I
Brana,Duinbleton,bduinbleton59@wsj.com,0818 Mcbride Trail,Salt Lake City,Utah,84110,United States,0013t00002aigpUAAQ,Accounting,Statistician I
Jamal,Ostrich,jostrich5a@multiply.com,52982 Burning Wood Crossing,Ogden,Utah,84409,United States,0013t00002aigpUAAQ,Services,Analyst Programmer
Leonora,Reaman,lreaman5b@go.com,4 Monument Pass,Sandy,Utah,84093,United States,0013t00002aigpUAAQ,Engineering,Mechanical Systems Engineer
Kassey,Warlawe,kwarlawe5c@gizmodo.com,3 Moulton Avenue,Ogden,Utah,84409,United States,0013t00002aigpUAAQ,Human Resources,Operator
Ellene,Bloxam,ebloxam5d@naver.com,86870 Karstens Avenue,Salt Lake City,Utah,84130,United States,0013t00002aigpUAAQ,Legal,Software Test Engineer III
Valerye,Maffulli,vmaffulli5e@nytimes.com,79 Moose Parkway,Ogden,Utah,84403,United States,0013t00002aigpUAAQ,Accounting,Automation Specialist II
Rona,Hattersley,rhattersley5f@cyberchimps.com,09416 Badeau Avenue,Salt Lake City,Utah,84170,United States,0013t00002aigpUAAQ,Training,Sales Representative
Ruthann,O'Siaghail,rosiaghail5g@slashdot.org,8705 Heffernan Drive,Salt Lake City,Utah,84130,United States,0013t00002aigpUAAQ,Legal,Structural Analysis Engineer
Sutherland,Gier,sgier5h@google.com.au,075 Texas Hill,Ogden,Utah,84403,United States,0013t00002aigpUAAQ,Marketing,Web Designer III
Jedd,Morsom,jmorsom5i@yahoo.com,56875 Derek Street,Salt Lake City,Utah,84140,United States,0013t00002aigpUAAQ,Services,Director of Sales
Michele,Loreit,mloreit5j@github.com,9 Mosinee Plaza,Salt Lake City,Utah,84130,United States,0013t00002aigpUAAQ,Services,Help Desk Technician
Kamillah,Hackford,khackford5k@oaic.gov.au,2 Kings Point,Salt Lake City,Utah,84125,United States,0013t00002aigpUAAQ,Research and Development,Operator
Cris,Warnes,cwarnes5l@google.ru,6 Gerald Alley,Salt Lake City,Utah,84110,United States,0013t00002aigpUAAQ,Support,Account Executive
Dominik,Diggles,ddiggles5m@umich.edu,29 Vera Parkway,Salt Lake City,Utah,84105,United States,0013t00002aigpUAAQ,Marketing,Paralegal
Lucinda,Duddell,lduddell5n@tiny.cc,6846 Annamark Plaza,Salt Lake City,Utah,84130,United States,0013t00002aigpUAAQ,Engineering,Environmental Tech
Francis,Pitcher,fpitcher5o@stumbleupon.com,8 American Ash Center,Sandy,Utah,84093,United States,0013t00002aigpUAAQ,Product Management,Data Coordiator
Edith,Faulder,efaulder5p@reference.com,8495 Buena Vista Pass,Salt Lake City,Utah,84189,United States,0013t00002aigpUAAQ,Services,Dental Hygienist
Arnold,Mussen,amussen5q@twitpic.com,6 Nova Hill,Salt Lake City,Utah,84199,United States,0013t00002aigpUAAQ,Accounting,Business Systems Development Analyst
Aymer,Bremner,abremner5r@examiner.com,8070 Schiller Lane,Ogden,Utah,84409,United States,0013t00002aigpUAAQ,Research and Development,Information Systems Manager
Murial,Aveyard,maveyard5s@hatena.ne.jp,5468 Lunder Hill,Salt Lake City,Utah,84170,United States,0013t00002aigpUAAQ,Business Development,Automation Specialist IV
Ania,Yushkov,ayushkov5t@buzzfeed.com,28728 Mifflin Way,Salt Lake City,Utah,84152,United States,0013t00002aigpUAAQ,Training,Senior Sales Associate
Norene,Tremaine,ntremaine5u@bloglines.com,083 Hintze Road,Salt Lake City,Utah,84135,United States,0013t00002aigpUAAQ,Support,Research Nurse
Panchito,Silverston,psilverston5v@home.pl,171 Homewood Hill,Salt Lake City,Utah,84130,United States,0013t00002aigpUAAQ,Marketing,Desktop Support Technician
Elwood,Sturch,esturch5w@springer.com,582 Marquette Junction,Salt Lake City,Utah,84120,United States,0013t00002aigpUAAQ,Services,Food Chemist
Carie,Leatherborrow,cleatherborrow5x@ucla.edu,61 Eagan Drive,Ogden,Utah,84409,United States,0013t00002aigpUAAQ,Marketing,Engineer IV
Montgomery,Braferton,mbraferton5y@blog.com,956 Corben Circle,Salt Lake City,Utah,84145,United States,0013t00002aigpUAAQ,Marketing,Developer III
Vickie,Rewcastle,vrewcastle5z@deviantart.com,87621 Duke Circle,Salt Lake City,Utah,84152,United States,0013t00002aigpUAAQ,Research and Development,Cost Accountant
Dominique,Tottle,dtottle60@bbb.org,6575 Moulton Pass,Ogden,Utah,84403,United States,0013t00002aigpUAAQ,Accounting,Environmental Specialist
Town,Bourdice,tbourdice61@salon.com,20657 Burrows Alley,Provo,Utah,84605,United States,0013t00002aigpUAAQ,Business Development,Payment Adjustment Coordinator
Berkeley,Grzelewski,bgrzelewski62@instagram.com,8164 Rigney Center,Salt Lake City,Utah,84125,United States,0013t00002aigpUAAQ,Services,Senior Quality Engineer
Coreen,Houldey,chouldey63@pinterest.com,0985 Division Trail,Salt Lake City,Utah,84110,United States,0013t00002aigpUAAQ,Sales,Design Engineer
Broddie,Buckleigh,bbuckleigh64@google.fr,951 Lukken Avenue,Salt Lake City,Utah,84125,United States,0013t00002aigpUAAQ,Marketing,Senior Quality Engineer
Aurel,Iacoviello,aiacoviello65@diigo.com,6 Lighthouse Bay Alley,Ogden,Utah,84409,United States,0013t00002aigpUAAQ,Accounting,Mechanical Systems Engineer
Horacio,Colicot,hcolicot66@sfgate.com,75181 Coolidge Park,Salt Lake City,Utah,84125,United States,0013t00002aigpUAAQ,Marketing,Marketing Manager
Hillel,Ninotti,hninotti67@craigslist.org,81 Surrey Terrace,Salt Lake City,Utah,84140,United States,0013t00002aigpUAAQ,Business Development,Software Engineer IV
Elise,Talks,etalks68@desdev.cn,69814 Debs Avenue,Ogden,Utah,84403,United States,0013t00002aigpUAAQ,Accounting,Research Associate
Rosalind,McIlrath,rmcilrath69@epa.gov,8591 Almo Street,Salt Lake City,Utah,84199,United States,0013t00002aigpUAAQ,Legal,Assistant Media Planner
Georgeta,Slimings,gslimings6a@sitemeter.com,70996 Carey Park,Sandy,Utah,84093,United States,0013t00002aigpUAAQ,Legal,Actuary
Almira,Elcoux,aelcoux6b@so-net.ne.jp,279 Thackeray Lane,Salt Lake City,Utah,84199,United States,0013t00002aigpUAAQ,Engineering,Executive Secretary
Ephrayim,Curzon,ecurzon6c@unicef.org,683 David Court,Ogden,Utah,84409,United States,0013t00002aigpUAAQ,Accounting,Account Coordinator
Maegan,Stears,mstears6d@mapy.cz,5488 Karstens Lane,Ogden,Utah,84409,United States,0013t00002aigpUAAQ,Research and Development,Nuclear Power Engineer
Daffie,Cornhill,dcornhill6e@ezinearticles.com,40205 Steensland Center,Salt Lake City,Utah,84135,United States,0013t00002aigpUAAQ,Accounting,Senior Developer
Cosimo,Trangmar,ctrangmar6f@umich.edu,9 Corry Street,Salt Lake City,Utah,84140,United States,0013t00002aigpUAAQ,Training,Office Assistant II
Denver,Leming,dleming6g@reddit.com,8619 Delaware Point,Salt Lake City,Utah,84115,United States,0013t00002aigpUAAQ,Legal,Junior Executive
Geneva,Gregorowicz,ggregorowicz6h@japanpost.jp,6229 Manley Plaza,Salt Lake City,Utah,84170,United States,0013t00002aigpUAAQ,Training,Graphic Designer
Ermin,Swaine,eswaine6i@shareasale.com,0504 Jay Pass,Salt Lake City,Utah,84170,United States,0013t00002aigpUAAQ,Services,Dental Hygienist
Hughie,Dix,hdix6j@alibaba.com,86383 Harper Parkway,Salt Lake City,Utah,84189,United States,0013t00002aigpUAAQ,Research and Development,Help Desk Operator
Keven,Bakewell,kbakewell6k@cpanel.net,130 Hanson Crossing,Salt Lake City,Utah,84145,United States,0013t00002aigpUAAQ,Business Development,General Manager
Gates,Rozsa,grozsa6l@google.es,6 Union Plaza,Ogden,Utah,84409,United States,0013t00002aigpUAAQ,Human Resources,Geological Engineer
Traci,Thicking,tthicking6m@seattletimes.com,00181 Goodland Parkway,Salt Lake City,Utah,84152,United States,0013t00002aigpUAAQ,Marketing,VP Sales
Baldwin,Pray,bpray6n@zimbio.com,3294 Arizona Road,Salt Lake City,Utah,84170,United States,0013t00002aigpUAAQ,Legal,Assistant Professor
Sherman,Snape,ssnape6o@constantcontact.com,05 Welch Alley,Provo,Utah,84605,United States,0013t00002aigpUAAQ,Sales,Statistician II
Frederik,Hark,fhark6p@pinterest.com,2 Debs Avenue,Sandy,Utah,84093,United States,0013t00002aigpUAAQ,Legal,Assistant Professor
Dacey,Tacon,dtacon6q@phoca.cz,11 Elgar Crossing,Salt Lake City,Utah,84189,United States,0013t00002aigpUAAQ,Services,Graphic Designer
Lynelle,Kleis,lkleis6r@amazon.co.uk,50 Scoville Point,Salt Lake City,Utah,84199,United States,0013t00002aigpUAAQ,Product Management,Media Manager III
Klara,Bows,kbows6s@dot.gov,5009 Green Ridge Park,Salt Lake City,Utah,84199,United States,0013t00002aigpUAAQ,Training,Administrative Officer
Carson,Rowlinson,crowlinson6t@huffingtonpost.com,274 Southridge Park,Ogden,Utah,84409,United States,0013t00002aigpUAAQ,Support,Engineer II
Kurtis,Dibling,kdibling6u@ed.gov,91 Prentice Hill,Salt Lake City,Utah,84135,United States,0013t00002aigpUAAQ,Legal,Community Outreach Specialist
Ericha,Hurdiss,ehurdiss6v@toplist.cz,9 Hagan Terrace,Salt Lake City,Utah,84199,United States,0013t00002aigpUAAQ,Services,Tax Accountant
Fredelia,Greswell,fgreswell6w@engadget.com,912 Loeprich Street,Salt Lake City,Utah,84145,United States,0013t00002aigpUAAQ,Business Development,Information Systems Manager
April,Bezemer,abezemer6x@seattletimes.com,9081 Rockefeller Trail,Salt Lake City,Utah,84120,United States,0013t00002aigpUAAQ,Services,VP Sales
Khalil,Rawson,krawson6y@yolasite.com,35090 Susan Pass,Provo,Utah,84605,United States,0013t00002aigpUAAQ,Training,Accounting Assistant III
Breena,Parncutt,bparncutt6z@symantec.com,396 Fordem Park,Ogden,Utah,84403,United States,0013t00002aigpUAAQ,Business Development,Human Resources Manager
Emilio,Hadrill,ehadrill70@marriott.com,650 Paget Street,Ogden,Utah,84403,United States,0013t00002aigpUAAQ,Business Development,Accounting Assistant IV
Madeleine,Goodridge,mgoodridge71@a8.net,0 Elmside Alley,Ogden,Utah,84403,United States,0013t00002aigpUAAQ,Human Resources,Engineer IV
Nannie,Raycroft,nraycroft72@livejournal.com,228 Judy Parkway,Salt Lake City,Utah,84115,United States,0013t00002aigpUAAQ,Engineering,Help Desk Operator
Sven,Worman,sworman73@themeforest.net,398 Dakota Road,Salt Lake City,Utah,84152,United States,0013t00002aigpUAAQ,Product Management,Account Executive
Kai,Murcott,kmurcott74@lycos.com,9 Pepper Wood Alley,Salt Lake City,Utah,84145,United States,0013t00002aigpUAAQ,Business Development,Desktop Support Technician
Jewel,Vasyukhnov,jvasyukhnov75@github.io,2070 Buell Trail,Salt Lake City,Utah,84130,United States,0013t00002aigpUAAQ,Accounting,Developer II
Augy,Cowoppe,acowoppe76@unicef.org,26 Lakewood Circle,Salt Lake City,Utah,84189,United States,0013t00002aigpUAAQ,Training,Environmental Specialist
Guthry,Spoure,gspoure77@ifeng.com,3657 Starling Plaza,Salt Lake City,Utah,84170,United States,0013t00002aigpUAAQ,Training,General Manager
Rodrigo,Jilliss,rjilliss78@acquirethisname.com,1 Union Circle,Salt Lake City,Utah,84125,United States,0013t00002aigpUAAQ,Marketing,Budget/Accounting Analyst II
Jaine,Kubicki,jkubicki79@mozilla.org,569 Vahlen Pass,Ogden,Utah,84403,United States,0013t00002aigpUAAQ,Support,Systems Administrator I
Alvina,Colgan,acolgan7a@vk.com,5 Schiller Terrace,Salt Lake City,Utah,84125,United States,0013t00002aigpUAAQ,Support,Structural Engineer
Karry,Ragat,kragat7b@cisco.com,82208 Knutson Court,Salt Lake City,Utah,84120,United States,0013t00002aigpUAAQ,Support,Web Developer I
Bobbie,Mossman,bmossman7c@discovery.com,3760 Swallow Center,Salt Lake City,Utah,84170,United States,0013t00002aigpUAAQ,Product Management,Accounting Assistant IV
Raffarty,Lumby,rlumby7d@smugmug.com,95 Schiller Park,Salt Lake City,Utah,84170,United States,0013t00002aigpUAAQ,Legal,Sales Associate
Vinnie,Isacoff,visacoff7e@umich.edu,0471 Canary Plaza,Salt Lake City,Utah,84189,United States,0013t00002aigpUAAQ,Sales,Information Systems Manager
Bonny,Rubberts,brubberts7f@wordpress.org,346 Southridge Avenue,Salt Lake City,Utah,84145,United States,0013t00002aigpUAAQ,Product Management,Cost Accountant
Ivory,Gaiford,igaiford7g@google.co.uk,86 Graceland Alley,Salt Lake City,Utah,84130,United States,0013t00002aigpUAAQ,Marketing,Nuclear Power Engineer
Erl,Jerson,ejerson7h@spotify.com,77271 Holy Cross Hill,Salt Lake City,Utah,84135,United States,0013t00002aigpUAAQ,Legal,Junior Executive
Mignonne,Files,mfiles7i@google.co.jp,89 Raven Court,Salt Lake City,Utah,84145,United States,0013t00002aigpUAAQ,Services,Research Associate
Correna,O'Donnell,codonnell7j@yellowpages.com,8519 Farwell Terrace,Salt Lake City,Utah,84115,United States,0013t00002aigpUAAQ,Engineering,Programmer Analyst III
Hamilton,Rankmore,hrankmore7k@utexas.edu,388 Mosinee Plaza,Salt Lake City,Utah,84125,United States,0013t00002aigpUAAQ,Engineering,Office Assistant I
Bess,Pinnocke,bpinnocke7l@spotify.com,234 Trailsway Park,Salt Lake City,Utah,84105,United States,0013t00002aigpUAAQ,Services,Nuclear Power Engineer
Lorne,Waplinton,lwaplinton7m@nsw.gov.au,7825 Golden Leaf Park,Sandy,Utah,84093,United States,0013t00002aigpUAAQ,Research and Development,Administrative Assistant III
Eddi,Samsonsen,esamsonsen7n@123-reg.co.uk,19200 David Street,Salt Lake City,Utah,84170,United States,0013t00002aigpUAAQ,Product Management,Speech Pathologist
Franklin,Hurling,fhurling7o@geocities.com,2149 Rowland Terrace,Salt Lake City,Utah,84105,United States,0013t00002aigpUAAQ,Accounting,Systems Administrator II
Derek,Thombleson,dthombleson7p@utexas.edu,519 Cascade Alley,Salt Lake City,Utah,84130,United States,0013t00002aigpUAAQ,Sales,Human Resources Assistant I
Codie,Richardes,crichardes7q@surveymonkey.com,583 Mesta Trail,Salt Lake City,Utah,84145,United States,0013t00002aigpUAAQ,Support,Paralegal
Keefer,Venediktov,kvenediktov7r@jugem.jp,36 Morningstar Parkway,Salt Lake City,Utah,84189,United States,0013t00002aigpUAAQ,Marketing,Junior Executive
Erinn,Goucher,egoucher7s@myspace.com,074 Di Loreto Park,Salt Lake City,Utah,84105,United States,0013t00002aigpUAAQ,Human Resources,Accountant I
Mireielle,Verden,mverden7t@cornell.edu,78 Bunting Avenue,Salt Lake City,Utah,84189,United States,0013t00002aigpUAAQ,Accounting,Food Chemist
Nicolas,Frost,nfrost7u@marriott.com,22 Mallory Street,Salt Lake City,Utah,84152,United States,0013t00002aigpUAAQ,Accounting,VP Quality Control
Sabrina,Fiennes,sfiennes7v@wufoo.com,59562 Lindbergh Circle,Salt Lake City,Utah,84152,United States,0013t00002aigpUAAQ,Legal,Accounting Assistant I
Nonie,Mallall,nmallall7w@nymag.com,93424 Hagan Crossing,Salt Lake City,Utah,84130,United States,0013t00002aigpUAAQ,Support,Account Representative II
Albert,Dunan,adunan7x@reddit.com,71 Harper Trail,Salt Lake City,Utah,84199,United States,0013t00002aigpUAAQ,Engineering,Quality Control Specialist
Noel,Bradock,nbradock7y@unicef.org,97 Hollow Ridge Place,Salt Lake City,Utah,84115,United States,0013t00002aigpUAAQ,Legal,Librarian
Zsazsa,Doe,zdoe7z@cpanel.net,7009 Florence Place,Ogden,Utah,84403,United States,0013t00002aigpUAAQ,Product Management,Senior Developer
Annnora,McPhilip,amcphilip80@themeforest.net,23152 Gulseth Way,Salt Lake City,Utah,84125,United States,0013t00002aigpUAAQ,Training,Senior Cost Accountant
Franciska,Borges,fborges81@jugem.jp,9 Londonderry Point,Salt Lake City,Utah,84130,United States,0013t00002aigpUAAQ,Product Management,Clinical Specialist
Natalee,Hamments,nhamments82@newyorker.com,4 Talmadge Parkway,Salt Lake City,Utah,84130,United States,0013t00002aigpUAAQ,Product Management,Senior Cost Accountant
Bryanty,Slobom,bslobom83@kickstarter.com,9958 Anhalt Center,Sandy,Utah,84093,United States,0013t00002aigpUAAQ,Marketing,Occupational Therapist
Pandora,Byrde,pbyrde84@imdb.com,0457 Grayhawk Way,Provo,Utah,84605,United States,0013t00002aigpUAAQ,Marketing,Quality Engineer
Jinny,Earngy,jearngy85@japanpost.jp,418 Main Drive,Salt Lake City,Utah,84135,United States,0013t00002aigpUAAQ,Engineering,Senior Editor
Cherie,Heathwood,cheathwood86@deliciousdays.com,92 Bonner Avenue,Salt Lake City,Utah,84140,United States,0013t00002aigpUAAQ,Services,Software Consultant
Lara,Bellew,lbellew87@php.net,200 Tennessee Lane,Salt Lake City,Utah,84140,United States,0013t00002aigpUAAQ,Business Development,Nurse
Cyndie,Rylatt,crylatt88@squarespace.com,6 Sullivan Terrace,Salt Lake City,Utah,84135,United States,0013t00002aigpUAAQ,Human Resources,Software Consultant
Heall,Lehrer,hlehrer89@google.nl,3 Waubesa Hill,Salt Lake City,Utah,84120,United States,0013t00002aigpUAAQ,Legal,Pharmacist
Murdoch,Alentyev,malentyev8a@economist.com,833 Corry Center,Salt Lake City,Utah,84189,United States,0013t00002aigpUAAQ,Marketing,Junior Executive
Enrica,Nestor,enestor8b@microsoft.com,66 Maryland Lane,Provo,Utah,84605,United States,0013t00002aigpUAAQ,Support,Help Desk Operator
Anthea,Readwood,areadwood8c@oracle.com,7 Marcy Trail,Salt Lake City,Utah,84115,United States,0013t00002aigpUAAQ,Product Management,Environmental Specialist
Vale,Lomb,vlomb8d@wp.com,417 Meadow Valley Avenue,Salt Lake City,Utah,84130,United States,0013t00002aigpUAAQ,Services,Business Systems Development Analyst
Stanley,Pilipyak,spilipyak8e@forbes.com,924 Paget Drive,Salt Lake City,Utah,84110,United States,0013t00002aigpUAAQ,Research and Development,Sales Associate
Inness,Sends,isends8f@twitpic.com,129 John Wall Avenue,Salt Lake City,Utah,84105,United States,0013t00002aigpUAAQ,Engineering,Human Resources Manager
Cassaundra,Heaven,cheaven8g@miitbeian.gov.cn,16 Upham Trail,Salt Lake City,Utah,84105,United States,0013t00002aigpUAAQ,Marketing,Sales Associate
Fionna,Chettle,fchettle8h@amazon.co.uk,6 Grayhawk Road,Salt Lake City,Utah,84140,United States,0013t00002aigpUAAQ,Marketing,Payment Adjustment Coordinator
Agata,Pietraszek,apietraszek8i@fc2.com,22 Hudson Hill,Salt Lake City,Utah,84135,United States,0013t00002aigpUAAQ,Human Resources,Engineer II
Evangelia,Bilyard,ebilyard8j@answers.com,76838 Londonderry Alley,Salt Lake City,Utah,84135,United States,0013t00002aigpUAAQ,Marketing,Community Outreach Specialist
Vina,Dafydd,vdafydd8k@slideshare.net,26 Fulton Lane,Salt Lake City,Utah,84189,United States,0013t00002aigpUAAQ,Business Development,Recruiting Manager
Bekki,Duinkerk,bduinkerk8l@amazon.com,72 Di Loreto Court,Ogden,Utah,84409,United States,0013t00002aigpUAAQ,Sales,Human Resources Assistant II
Cory,Doud,cdoud8m@craigslist.org,16593 Sauthoff Center,Salt Lake City,Utah,84170,United States,0013t00002aigpUAAQ,Legal,Marketing Manager
Broderick,Clemanceau,bclemanceau8n@spotify.com,86 Montana Street,Salt Lake City,Utah,84140,United States,0013t00002aigpUAAQ,Sales,VP Quality Control
Edita,Dickman,edickman8o@timesonline.co.uk,5373 Commercial Hill,Salt Lake City,Utah,84189,United States,0013t00002aigpUAAQ,Human Resources,Mechanical Systems Engineer
Luciana,Cridland,lcridland8p@wisc.edu,0394 Old Gate Plaza,Salt Lake City,Utah,84130,United States,0013t00002aigpUAAQ,Human Resources,Software Consultant
Myrtice,Mazzeo,mmazzeo8q@cnet.com,613 Lakewood Gardens Plaza,Salt Lake City,Utah,84115,United States,0013t00002aigpUAAQ,Product Management,Marketing Manager
Heddi,McGaw,hmcgaw8r@vk.com,25 Clarendon Circle,Salt Lake City,Utah,84170,United States,0013t00002aigpUAAQ,Business Development,Quality Engineer
Melba,Stanex,mstanex8s@senate.gov,0 Aberg Hill,Salt Lake City,Utah,84125,United States,0013t00002aigpUAAQ,Business Development,Speech Pathologist
Modestine,Seabon,mseabon8t@seattletimes.com,74 Corben Drive,Provo,Utah,84605,United States,0013t00002aigpUAAQ,Marketing,Community Outreach Specialist
Emmi,Cauldfield,ecauldfield8u@ft.com,9223 Tomscot Way,Ogden,Utah,84403,United States,0013t00002aigpUAAQ,Accounting,Teacher
Jyoti,Kiera,jkiera8v@nbcnews.com,15702 Lighthouse Bay Plaza,Salt Lake City,Utah,84120,United States,0013t00002aigpUAAQ,Accounting,Chief Design Engineer
Timmie,Divall,tdivall8w@usda.gov,7 Meadow Vale Court,Salt Lake City,Utah,84120,United States,0013t00002aigpUAAQ,Training,Quality Control Specialist
Oona,Kubyszek,okubyszek8x@ucoz.com,1317 Bultman Center,Salt Lake City,Utah,84140,United States,0013t00002aigpUAAQ,Training,Senior Developer
Blair,Minghella,bminghella8y@i2i.jp,635 Union Court,Salt Lake City,Utah,84189,United States,0013t00002aigpUAAQ,Research and Development,Safety Technician I
Lanny,Huitt,lhuitt8z@newsvine.com,8430 Stephen Place,Ogden,Utah,84403,United States,0013t00002aigpUAAQ,Services,Senior Financial Analyst
Reese,Snap,rsnap90@themeforest.net,91 Commercial Parkway,Ogden,Utah,84403,United States,0013t00002aigpUAAQ,Services,Assistant Manager
Tracee,Cardoso,tcardoso91@un.org,7341 Butterfield Parkway,Ogden,Utah,84403,United States,0013t00002aigpUAAQ,Engineering,Budget/Accounting Analyst II
Veronica,O' Mara,vomara92@usa.gov,77 Karstens Parkway,Salt Lake City,Utah,84170,United States,0013t00002aigpUAAQ,Human Resources,Senior Developer
Hilde,McGeorge,hmcgeorge93@php.net,638 Lukken Trail,Salt Lake City,Utah,84152,United States,0013t00002aigpUAAQ,Services,Nuclear Power Engineer
Garald,Bowsher,gbowsher94@omniture.com,62717 Hudson Lane,Salt Lake City,Utah,84130,United States,0013t00002aigpUAAQ,Human Resources,Structural Analysis Engineer
Rebbecca,Farman,rfarman95@symantec.com,110 Holy Cross Road,Provo,Utah,84605,United States,0013t00002aigpUAAQ,Engineering,Financial Analyst
Britte,Duker,bduker96@sfgate.com,3989 Leroy Alley,Salt Lake City,Utah,84135,United States,0013t00002aigpUAAQ,Legal,Account Executive
Wald,Brachell,wbrachell97@ted.com,7897 Huxley Way,Salt Lake City,Utah,84199,United States,0013t00002aigpUAAQ,Accounting,Help Desk Operator
Joana,Nicholls,jnicholls98@intel.com,2918 Ohio Plaza,Salt Lake City,Utah,84135,United States,0013t00002aigpUAAQ,Product Management,Programmer II
Ulrick,Bowskill,ubowskill99@alexa.com,4 Mcbride Parkway,Salt Lake City,Utah,84189,United States,0013t00002aigpUAAQ,Training,Engineer IV
Kelbee,Liquorish,kliquorish9a@intel.com,5773 Grover Plaza,Salt Lake City,Utah,84115,United States,0013t00002aigpUAAQ,Sales,Business Systems Development Analyst
Una,Blaxall,ublaxall9b@t-online.de,4 Maywood Hill,Salt Lake City,Utah,84115,United States,0013t00002aigpUAAQ,Marketing,Senior Cost Accountant
Blondell,Odo,bodo9c@ucoz.ru,0521 Raven Circle,Provo,Utah,84605,United States,0013t00002aigpUAAQ,Legal,Software Engineer I
Norry,Alfonsetti,nalfonsetti9d@census.gov,3142 New Castle Avenue,Salt Lake City,Utah,84199,United States,0013t00002aigpUAAQ,Research and Development,Quality Engineer
Lenette,Trevino,ltrevino9e@theguardian.com,85 Hoepker Parkway,Salt Lake City,Utah,84125,United States,0013t00002aigpUAAQ,Sales,Compensation Analyst
Truda,Dorgan,tdorgan9f@china.com.cn,0324 Lerdahl Court,Salt Lake City,Utah,84105,United States,0013t00002aigpUAAQ,Marketing,Project Manager
Josepha,Cockshtt,jcockshtt9g@multiply.com,49184 Walton Drive,Salt Lake City,Utah,84145,United States,0013t00002aigpUAAQ,Business Development,Compensation Analyst
Renell,Hedditeh,rhedditeh9h@cbslocal.com,24 Green Ridge Lane,Salt Lake City,Utah,84105,United States,0013t00002aigpUAAQ,Product Management,Statistician II
Aretha,Madders,amadders9i@japanpost.jp,327 Jana Trail,Salt Lake City,Utah,84152,United States,0013t00002aigpUAAQ,Sales,Librarian
Emilie,Shafto,eshafto9j@china.com.cn,51236 Oriole Lane,Salt Lake City,Utah,84145,United States,0013t00002aigpUAAQ,Services,Clinical Specialist
Aubry,Kenworth,akenworth9k@omniture.com,45124 Service Point,Salt Lake City,Utah,84130,United States,0013t00002aigpUAAQ,Business Development,Executive Secretary
Zulema,Daysh,zdaysh9l@tinypic.com,4 Thompson Hill,Ogden,Utah,84409,United States,0013t00002aigpUAAQ,Product Management,Web Developer II
Nicky,Momery,nmomery9m@nbcnews.com,670 Menomonie Court,Salt Lake City,Utah,84110,United States,0013t00002aigpUAAQ,Sales,Staff Scientist
Kerwin,Whyborn,kwhyborn9n@blog.com,6188 American Ash Junction,Salt Lake City,Utah,84170,United States,0013t00002aigpUAAQ,Legal,Project Manager
Karia,Sparshatt,ksparshatt9o@blogs.com,31 Aberg Way,Salt Lake City,Utah,84120,United States,0013t00002aigpUAAQ,Business Development,Data Coordiator
Earle,Biesinger,ebiesinger9p@umich.edu,228 Scoville Pass,Salt Lake City,Utah,84140,United States,0013t00002aigpUAAQ,Accounting,Quality Control Specialist
Derron,Hallwood,dhallwood9q@netvibes.com,3 Fairview Street,Sandy,Utah,84093,United States,0013t00002aigpUAAQ,Sales,Marketing Assistant
Barbabra,MacWhan,bmacwhan9r@theatlantic.com,865 La Follette Place,Salt Lake City,Utah,84135,United States,0013t00002aigpUAAQ,Business Development,Biostatistician II
Tim,Braban,tbraban9s@hao123.com,48233 Haas Lane,Salt Lake City,Utah,84110,United States,0013t00002aigpUAAQ,Business Development,Senior Quality Engineer
Binky,Balaisot,bbalaisot9t@epa.gov,222 Huxley Avenue,Salt Lake City,Utah,84115,United States,0013t00002aigpUAAQ,Marketing,Physical Therapy Assistant
Johnnie,Akroyd,jakroyd9u@bluehost.com,6 Elmside Alley,Sandy,Utah,84093,United States,0013t00002aigpUAAQ,Human Resources,Business Systems Development Analyst
Dorella,Sivier,dsivier9v@washingtonpost.com,14 Red Cloud Junction,Salt Lake City,Utah,84115,United States,0013t00002aigpUAAQ,Support,Automation Specialist IV
Percival,De Angelo,pdeangelo9w@typepad.com,64114 Namekagon Drive,Ogden,Utah,84403,United States,0013t00002aigpUAAQ,Engineering,Structural Engineer
Gerta,Eymer,geymer9x@google.com.au,469 Anthes Parkway,Salt Lake City,Utah,84152,United States,0013t00002aigpUAAQ,Product Management,Automation Specialist IV
Veronika,Kuhnwald,vkuhnwald9y@prnewswire.com,3 Fuller Circle,Salt Lake City,Utah,84189,United States,0013t00002aigpUAAQ,Legal,Senior Cost Accountant
Hetti,Kellogg,hkellogg9z@salon.com,95 Trailsway Pass,Ogden,Utah,84409,United States,0013t00002aigpUAAQ,Support,Accountant I
Monti,Sandys,msandysa0@gravatar.com,61127 Westport Avenue,Salt Lake City,Utah,84125,United States,0013t00002aigpUAAQ,Accounting,Quality Engineer
Ranna,Skatcher,rskatchera1@cisco.com,6141 Spenser Hill,Salt Lake City,Utah,84170,United States,0013t00002aigpUAAQ,Engineering,Dental Hygienist
Deanne,Standfield,dstandfielda2@issuu.com,59 Donald Street,Salt Lake City,Utah,84105,United States,0013t00002aigpUAAQ,Services,Media Manager I
Geri,Favell,gfavella3@springer.com,0 Thierer Way,Salt Lake City,Utah,84120,United States,0013t00002aigpUAAQ,Accounting,Technical Writer
Virge,Massei,vmasseia4@cornell.edu,28688 Ryan Road,Salt Lake City,Utah,84170,United States,0013t00002aigpUAAQ,Research and Development,Research Associate
Luelle,Curryer,lcurryera5@washington.edu,7 Rieder Avenue,Salt Lake City,Utah,84105,United States,0013t00002aigpUAAQ,Accounting,Dental Hygienist
Erhart,Colleymore,ecolleymorea6@gnu.org,274 Bonner Lane,Salt Lake City,Utah,84189,United States,0013t00002aigpUAAQ,Human Resources,VP Marketing
Waiter,Aldiss,waldissa7@godaddy.com,92 Bluestem Plaza,Salt Lake City,Utah,84152,United States,0013t00002aigpUAAQ,Training,Editor
Gwenora,Melly,gmellya8@statcounter.com,5920 Weeping Birch Park,Salt Lake City,Utah,84105,United States,0013t00002aigpUAAQ,Training,Staff Accountant I
Nadya,Kondratenya,nkondratenyaa9@macromedia.com,0 Paget Plaza,Salt Lake City,Utah,84145,United States,0013t00002aigpUAAQ,Business Development,Structural Engineer
Thorndike,Duxfield,tduxfieldaa@digg.com,43 Glendale Lane,Salt Lake City,Utah,84140,United States,0013t00002aigpUAAQ,Sales,Environmental Tech
Elisabeth,Kupka,ekupkaab@vinaora.com,240 Lakeland Center,Salt Lake City,Utah,84120,United States,0013t00002aigpUAAQ,Marketing,General Manager
Flora,Doge,fdogeac@jiathis.com,568 Fisk Lane,Salt Lake City,Utah,84189,United States,0013t00002aigpUAAQ,Product Management,Operator
Marysa,Crosen,mcrosenad@japanpost.jp,251 Northfield Road,Salt Lake City,Utah,84140,United States,0013t00002aigpUAAQ,Business Development,Structural Analysis Engineer
Haily,Safe,hsafeae@technorati.com,1 Steensland Circle,Salt Lake City,Utah,84105,United States,0013t00002aigpUAAQ,Engineering,Help Desk Operator
Willabella,Ibarra,wibarraaf@pagesperso-orange.fr,803 Onsgard Drive,Salt Lake City,Utah,84189,United States,0013t00002aigpUAAQ,Product Management,VP Product Management
Lyman,Swigg,lswiggag@chronoengine.com,224 Granby Lane,Salt Lake City,Utah,84152,United States,0013t00002aigpUAAQ,Human Resources,Software Test Engineer I
Gabbi,Webber,gwebberah@macromedia.com,611 Grasskamp Center,Sandy,Utah,84093,United States,0013t00002aigpUAAQ,Services,Director of Sales
Ginnifer,Bendley,gbendleyai@wiley.com,3736 Monument Avenue,Salt Lake City,Utah,84105,United States,0013t00002aigpUAAQ,Marketing,Pharmacist
Ernestus,Racine,eracineaj@mysql.com,710 Columbus Circle,Salt Lake City,Utah,84189,United States,0013t00002aigpUAAQ,Accounting,Statistician I
Guglielma,Pergens,gpergensak@smugmug.com,35313 Eliot Lane,Salt Lake City,Utah,84199,United States,0013t00002aigpUAAQ,Product Management,Technical Writer
Daven,Leaves,dleavesal@bravesites.com,441 Dahle Terrace,Provo,Utah,84605,United States,0013t00002aigpUAAQ,Business Development,Editor
Dedra,Noddles,dnoddlesam@deviantart.com,6 Anderson Junction,Ogden,Utah,84409,United States,0013t00002aigpUAAQ,Marketing,Design Engineer
Chrysler,Sotheby,csothebyan@desdev.cn,47 Spohn Street,Salt Lake City,Utah,84199,United States,0013t00002aigpUAAQ,Product Management,Assistant Media Planner
Leisha,Longfield,llongfieldao@army.mil,0768 Bartillon Drive,Salt Lake City,Utah,84125,United States,0013t00002aigpUAAQ,Research and Development,Financial Analyst
Vida,Benitti,vbenittiap@nationalgeographic.com,3526 Loftsgordon Road,Ogden,Utah,84403,United States,0013t00002aigpUAAQ,Product Management,Information Systems Manager
Vin,Jeans,vjeansaq@npr.org,01 Boyd Alley,Provo,Utah,84605,United States,0013t00002aigpUAAQ,Marketing,Geological Engineer
Ciro,Marzelle,cmarzellear@a8.net,32188 Hazelcrest Park,Salt Lake City,Utah,84199,United States,0013t00002aigpUAAQ,Support,Senior Financial Analyst
Veronica,Trimming,vtrimmingas@wikia.com,3 Bay Crossing,Salt Lake City,Utah,84199,United States,0013t00002aigpUAAQ,Research and Development,Civil Engineer
Gayle,Vest,gvestat@usgs.gov,8 Dahle Street,Salt Lake City,Utah,84125,United States,0013t00002aigpUAAQ,Product Management,Occupational Therapist
Randolf,Balbeck,rbalbeckau@marketwatch.com,4 Erie Parkway,Salt Lake City,Utah,84152,United States,0013t00002aigpUAAQ,Business Development,Compensation Analyst
Loni,Losselyong,llosselyongav@ucoz.ru,2 Luster Parkway,Ogden,Utah,84403,United States,0013t00002aigpUAAQ,Business Development,Marketing Assistant
Cyndy,Freund,cfreundaw@cnet.com,961 Mallory Way,Ogden,Utah,84409,United States,0013t00002aigpUAAQ,Product Management,Analyst Programmer
Pavia,Stot,pstotax@indiegogo.com,2 Browning Park,Provo,Utah,84605,United States,0013t00002aigpUAAQ,Services,Design Engineer
Estevan,Critchell,ecritchellay@google.com.au,65634 Jenna Circle,Salt Lake City,Utah,84105,United States,0013t00002aigpUAAQ,Training,Sales Associate
Pennie,Clampin,pclampinaz@google.nl,91246 Fair Oaks Alley,Salt Lake City,Utah,84120,United States,0013t00002aigpUAAQ,Legal,Executive Secretary
Oren,Baggally,obaggallyb0@networkadvertising.org,733 Shoshone Lane,Salt Lake City,Utah,84145,United States,0013t00002aigpUAAQ,Accounting,Human Resources Assistant II
Sharyl,Le land,slelandb1@indiegogo.com,9643 Evergreen Place,Salt Lake City,Utah,84130,United States,0013t00002aigpUAAQ,Sales,Software Test Engineer II
Marmaduke,Scrivinor,mscrivinorb2@gravatar.com,7 Dixon Avenue,Salt Lake City,Utah,84189,United States,0013t00002aigpUAAQ,Business Development,Computer Systems Analyst IV
Beatriz,Chesshyre,bchesshyreb3@hc360.com,3561 Birchwood Parkway,Salt Lake City,Utah,84189,United States,0013t00002aigpUAAQ,Accounting,Software Engineer I
Kaleb,Bodker,kbodkerb4@flickr.com,211 Maywood Court,Salt Lake City,Utah,84145,United States,0013t00002aigpUAAQ,Accounting,Chemical Engineer
Inge,Imorts,iimortsb5@ovh.net,83578 Westport Drive,Salt Lake City,Utah,84145,United States,0013t00002aigpUAAQ,Legal,Help Desk Operator
Fianna,Metzing,fmetzingb6@google.co.jp,1 Morningstar Parkway,Ogden,Utah,84403,United States,0013t00002aigpUAAQ,Support,Marketing Assistant
Sidonia,Ainslie,sainslieb7@google.com.hk,511 Swallow Center,Salt Lake City,Utah,84115,United States,0013t00002aigpUAAQ,Research and Development,Librarian
Ulrika,Hof,uhofb8@epa.gov,84168 Florence Place,Salt Lake City,Utah,84145,United States,0013t00002aigpUAAQ,Product Management,Professor
Valry,Berthelet,vbertheletb9@epa.gov,3 Debs Court,Salt Lake City,Utah,84199,United States,0013t00002aigpUAAQ,Business Development,Structural Analysis Engineer
Dreddy,Grugerr,dgrugerrba@canalblog.com,3124 3rd Way,Provo,Utah,84605,United States,0013t00002aigpUAAQ,Accounting,Assistant Professor
Paxton,Fryers,pfryersbb@wunderground.com,5 Kings Pass,Salt Lake City,Utah,84135,United States,0013t00002aigpUAAQ,Business Development,Quality Engineer
Rosemary,Studde,rstuddebc@google.ca,165 Fallview Parkway,Salt Lake City,Utah,84189,United States,0013t00002aigpUAAQ,Engineering,Executive Secretary
Germain,Helbeck,ghelbeckbd@hexun.com,19722 Moulton Drive,Salt Lake City,Utah,84125,United States,0013t00002aigpUAAQ,Human Resources,Statistician I
Phyllys,Jouaneton,pjouanetonbe@lycos.com,85446 Armistice Terrace,Salt Lake City,Utah,84125,United States,0013t00002aigpUAAQ,Accounting,Software Engineer IV
Kirbie,Camock,kcamockbf@msn.com,1 Ridge Oak Parkway,Salt Lake City,Utah,84130,United States,0013t00002aigpUAAQ,Marketing,Clinical Specialist
York,Skelhorn,yskelhornbg@bloglovin.com,82956 Mayer Place,Salt Lake City,Utah,84199,United States,0013t00002aigpUAAQ,Support,Structural Engineer
Friedrick,Dukesbury,fdukesburybh@github.com,52994 Myrtle Crossing,Salt Lake City,Utah,84152,United States,0013t00002aigpUAAQ,Business Development,Editor
Nahum,Ranscombe,nranscombebi@drupal.org,3 Bowman Center,Salt Lake City,Utah,84115,United States,0013t00002aigpUAAQ,Research and Development,Senior Quality Engineer
Sunny,Speechly,sspeechlybj@stanford.edu,58 Elgar Parkway,Salt Lake City,Utah,84120,United States,0013t00002aigpUAAQ,Marketing,Actuary
Josie,Hariot,jhariotbk@bravesites.com,818 Blue Bill Park Hill,Salt Lake City,Utah,84115,United States,0013t00002aigpUAAQ,Sales,VP Quality Control
Breena,Kermeen,bkermeenbl@tmall.com,67259 Bunting Lane,Salt Lake City,Utah,84115,United States,0013t00002aigpUAAQ,Sales,Media Manager IV
Allison,Feltoe,afeltoebm@gravatar.com,16 Truax Park,Ogden,Utah,84403,United States,0013t00002aigpUAAQ,Business Development,Account Executive
Dawn,Argontt,dargonttbn@deliciousdays.com,217 Mesta Road,Salt Lake City,Utah,84130,United States,0013t00002aigpUAAQ,Accounting,Clinical Specialist
Hilly,Wilcot,hwilcotbo@house.gov,2000 Sloan Drive,Salt Lake City,Utah,84120,United States,0013t00002aigpUAAQ,Engineering,Web Designer I
Leanor,Carter,lcarterbp@gmpg.org,8036 Chive Trail,Salt Lake City,Utah,84145,United States,0013t00002aigpUAAQ,Business Development,General Manager
Nicol,Whanstall,nwhanstallbq@who.int,79803 Trailsway Circle,Salt Lake City,Utah,84170,United States,0013t00002aigpUAAQ,Support,Marketing Manager
Wadsworth,Haggath,whaggathbr@youtube.com,4 Summer Ridge Drive,Salt Lake City,Utah,84125,United States,0013t00002aigpUAAQ,Human Resources,Internal Auditor
Franchot,Gendricke,fgendrickebs@huffingtonpost.com,21758 Kennedy Road,Salt Lake City,Utah,84130,United States,0013t00002aigpUAAQ,Business Development,Structural Engineer
Margalo,Henriksson,mhenrikssonbt@nyu.edu,183 Melody Plaza,Sandy,Utah,84093,United States,0013t00002aigpUAAQ,Research and Development,Research Nurse
Suzann,Tupp,stuppbu@soundcloud.com,03 Brown Hill,Salt Lake City,Utah,84125,United States,0013t00002aigpUAAQ,Engineering,Web Designer IV
Rad,Riddlesden,rriddlesdenbv@ft.com,237 Hudson Street,Salt Lake City,Utah,84170,United States,0013t00002aigpUAAQ,Human Resources,Recruiting Manager
Gavrielle,Fumagalli,gfumagallibw@1und1.de,5116 Dennis Way,Salt Lake City,Utah,84145,United States,0013t00002aigpUAAQ,Engineering,Geological Engineer
Carline,Scripture,cscripturebx@walmart.com,53886 Dayton Plaza,Ogden,Utah,84403,United States,0013t00002aigpUAAQ,Marketing,Internal Auditor
Josie,Hartropp,jhartroppby@adobe.com,4 Victoria Center,Provo,Utah,84605,United States,0013t00002aigpUAAQ,Human Resources,Tax Accountant
Kata,Carde,kcardebz@dmoz.org,955 Steensland Plaza,Salt Lake City,Utah,84189,United States,0013t00002aigpUAAQ,Product Management,Account Representative IV
Giuditta,Coughlin,gcoughlinc0@flickr.com,139 Summer Ridge Pass,Ogden,Utah,84403,United States,0013t00002aigpUAAQ,Training,Accounting Assistant I
Lambert,Pues,lpuesc1@discuz.net,7 Dovetail Place,Ogden,Utah,84409,United States,0013t00002aigpUAAQ,Legal,Occupational Therapist
Cullen,MacFaell,cmacfaellc2@hugedomains.com,5 East Point,Provo,Utah,84605,United States,0013t00002aigpUAAQ,Business Development,Compensation Analyst
Gorden,Orehead,goreheadc3@tiny.cc,381 Cascade Point,Salt Lake City,Utah,84135,United States,0013t00002aigpUAAQ,Sales,VP Product Management
Lucina,Crossley,lcrossleyc4@toplist.cz,3 Alpine Parkway,Salt Lake City,Utah,84152,United States,0013t00002aigpUAAQ,Research and Development,Research Associate
Maible,Arbuckel,marbuckelc5@virginia.edu,6365 Superior Court,Salt Lake City,Utah,84170,United States,0013t00002aigpUAAQ,Training,Payment Adjustment Coordinator
Brion,Barrabeale,bbarrabealec6@sbwire.com,51 John Wall Plaza,Salt Lake City,Utah,84110,United States,0013t00002aigpUAAQ,Product Management,Computer Systems Analyst IV
Kahlil,Swalteridge,kswalteridgec7@desdev.cn,51 Mitchell Pass,Salt Lake City,Utah,84170,United States,0013t00002aigpUAAQ,Research and Development,Desktop Support Technician
Ingram,Bolus,ibolusc8@patch.com,28320 Calypso Lane,Ogden,Utah,84409,United States,0013t00002aigpUAAQ,Legal,Administrative Officer
Esmeralda,Portal,eportalc9@time.com,7844 Eliot Center,Salt Lake City,Utah,84140,United States,0013t00002aigpUAAQ,Business Development,Product Engineer
Malynda,Gauntlett,mgauntlettca@squarespace.com,3 Forest Dale Drive,Sandy,Utah,84093,United States,0013t00002aigpUAAQ,Product Management,Nurse Practicioner
Griselda,McCarly,gmccarlycb@narod.ru,3 Colorado Hill,Ogden,Utah,84409,United States,0013t00002aigpUAAQ,Legal,Human Resources Manager
Dahlia,Trevallion,dtrevallioncc@dion.ne.jp,2 Rieder Drive,Ogden,Utah,84409,United States,0013t00002aigpUAAQ,Sales,Research Associate
Heywood,De Luna,hdelunacd@kickstarter.com,14 Schmedeman Point,Salt Lake City,Utah,84189,United States,0013t00002aigpUAAQ,Human Resources,Business Systems Development Analyst
Shepherd,Agutter,sagutterce@hhs.gov,5251 Ilene Parkway,Ogden,Utah,84403,United States,0013t00002aigpUAAQ,Business Development,Accounting Assistant II
Lorilyn,Lomath,llomathcf@indiegogo.com,4111 Maywood Trail,Salt Lake City,Utah,84140,United States,0013t00002aigpUAAQ,Legal,Actuary
Mirna,Rickcord,mrickcordcg@adobe.com,9773 Muir Road,Salt Lake City,Utah,84130,United States,0013t00002aigpUAAQ,Research and Development,Programmer II
Lebbie,Kuscha,lkuschach@ebay.co.uk,1232 Little Fleur Lane,Salt Lake City,Utah,84125,United States,0013t00002aigpUAAQ,Sales,Account Representative I
Halley,Luffman,hluffmanci@google.de,3 Independence Alley,Salt Lake City,Utah,84152,United States,0013t00002aigpUAAQ,Support,Media Manager III
Warden,Hane,whanecj@angelfire.com,2 Brickson Park Circle,Salt Lake City,Utah,84125,United States,0013t00002aigpUAAQ,Research and Development,Systems Administrator IV
Paxton,Troutbeck,ptroutbeckck@furl.net,3846 Burrows Circle,Ogden,Utah,84409,United States,0013t00002aigpUAAQ,Business Development,Recruiter
Bertina,Bugbird,bbugbirdcl@istockphoto.com,3 Logan Park,Ogden,Utah,84409,United States,0013t00002aigpUAAQ,Product Management,Tax Accountant
Kristina,Shovlin,kshovlincm@hibu.com,41964 Amoth Point,Salt Lake City,Utah,84130,United States,0013t00002aigpUAAQ,Product Management,Structural Engineer
Wendall,Rosebotham,wrosebothamcn@chicagotribune.com,470 Kensington Hill,Provo,Utah,84605,United States,0013t00002aigpUAAQ,Business Development,Health Coach III
Tish,Harrinson,tharrinsonco@paypal.com,200 Badeau Pass,Salt Lake City,Utah,84110,United States,0013t00002aigpUAAQ,Accounting,Account Coordinator
Alicia,Ruttgers,aruttgerscp@addthis.com,2 Thackeray Pass,Ogden,Utah,84403,United States,0013t00002aigpUAAQ,Product Management,Financial Advisor
Afton,Greatreax,agreatreaxcq@mozilla.com,8 Susan Hill,Salt Lake City,Utah,84135,United States,0013t00002aigpUAAQ,Training,Senior Sales Associate
Vance,Donet,vdonetcr@google.ru,22 Lakewood Terrace,Salt Lake City,Utah,84110,United States,0013t00002aigpUAAQ,Product Management,Analyst Programmer
Honor,Bowry,hbowrycs@blogtalkradio.com,239 Crest Line Trail,Salt Lake City,Utah,84189,United States,0013t00002aigpUAAQ,Services,Data Coordiator
Iago,Grimster,igrimsterct@blogspot.com,26946 7th Drive,Ogden,Utah,84409,United States,0013t00002aigpUAAQ,Legal,Software Consultant
Izabel,Veillard,iveillardcu@sogou.com,75168 Fieldstone Lane,Salt Lake City,Utah,84120,United States,0013t00002aigpUAAQ,Research and Development,Environmental Specialist
Worden,Felderer,wfelderercv@blogs.com,0 Northfield Street,Salt Lake City,Utah,84189,United States,0013t00002aigpUAAQ,Engineering,Financial Analyst
Shellysheldon,Cleaton,scleatoncw@omniture.com,2672 Fulton Court,Salt Lake City,Utah,84115,United States,0013t00002aigpUAAQ,Research and Development,Human Resources Manager
Gothart,Gniewosz,ggniewoszcx@biblegateway.com,9338 Messerschmidt Drive,Salt Lake City,Utah,84105,United States,0013t00002aigpUAAQ,Training,Accountant I
Cassaundra,Hurworth,churworthcy@shutterfly.com,3 Lerdahl Alley,Salt Lake City,Utah,84140,United States,0013t00002aigpUAAQ,Marketing,Mechanical Systems Engineer
Joice,Treadger,jtreadgercz@weather.com,9043 Old Shore Street,Ogden,Utah,84409,United States,0013t00002aigpUAAQ,Product Management,Cost Accountant
Mariel,Frichley,mfrichleyd0@networksolutions.com,2 7th Trail,Salt Lake City,Utah,84115,United States,0013t00002aigpUAAQ,Services,Biostatistician I
Kerwinn,Pepys,kpepysd1@blinklist.com,3675 Corry Lane,Salt Lake City,Utah,84170,United States,0013t00002aigpUAAQ,Business Development,Software Consultant
Freemon,Kay,fkayd2@si.edu,738 Veith Avenue,Salt Lake City,Utah,84140,United States,0013t00002aigpUAAQ,Engineering,Editor
Nikolaos,Freezor,nfreezord3@netscape.com,81 Gina Road,Salt Lake City,Utah,84130,United States,0013t00002aigpUAAQ,Support,Paralegal
Jasun,Foro,jforod4@uol.com.br,04642 Burrows Avenue,Salt Lake City,Utah,84105,United States,0013t00002aigpUAAQ,Engineering,Research Assistant I
Van,Full,vfulld5@jiathis.com,136 Cascade Way,Salt Lake City,Utah,84140,United States,0013t00002aigpUAAQ,Human Resources,Analyst Programmer
Neall,Brimblecomb,nbrimblecombd6@go.com,15 Eggendart Way,Provo,Utah,84605,United States,0013t00002aigpUAAQ,Accounting,Senior Financial Analyst
Kirsteni,Pigford,kpigfordd7@state.gov,79851 Everett Hill,Salt Lake City,Utah,84145,United States,0013t00002aigpUAAQ,Research and Development,Geologist IV
Elysha,Somerbell,esomerbelld8@sogou.com,012 Warner Street,Ogden,Utah,84409,United States,0013t00002aigpUAAQ,Research and Development,Budget/Accounting Analyst III
Shermie,Asipenko,sasipenkod9@about.com,2 Trailsway Lane,Salt Lake City,Utah,84189,United States,0013t00002aigpUAAQ,Research and Development,Programmer II
Marilee,McGeady,mmcgeadyda@blogspot.com,91702 Florence Court,Ogden,Utah,84409,United States,0013t00002aigpUAAQ,Research and Development,Developer I
Ainslie,Demkowicz,ademkowiczdb@github.io,3820 Caliangt Pass,Salt Lake City,Utah,84135,United States,0013t00002aigpUAAQ,Marketing,Senior Financial Analyst
Abbe,Cluderay,acluderaydc@businesswire.com,2 Evergreen Point,Salt Lake City,Utah,84170,United States,0013t00002aigpUAAQ,Research and Development,Actuary
Cristie,Edelheit,cedelheitdd@craigslist.org,9 Melby Parkway,Salt Lake City,Utah,84125,United States,0013t00002aigpUAAQ,Training,Structural Analysis Engineer
Budd,Beacom,bbeacomde@spiegel.de,9 Lakeland Circle,Sandy,Utah,84093,United States,0013t00002aigpUAAQ,Legal,Automation Specialist III
Bondy,Canet,bcanetdf@tripod.com,88403 Ridge Oak Crossing,Salt Lake City,Utah,84110,United States,0013t00002aigpUAAQ,Training,General Manager
Antonia,Berkeley,aberkeleydg@parallels.com,9 Merry Hill,Salt Lake City,Utah,84110,United States,0013t00002aigpUAAQ,Research and Development,Web Designer IV
Ingram,Shearmur,ishearmurdh@photobucket.com,8 1st Pass,Ogden,Utah,84409,United States,0013t00002aigpUAAQ,Business Development,Analyst Programmer
Aimil,Dymoke,adymokedi@webeden.co.uk,899 Rusk Place,Ogden,Utah,84403,United States,0013t00002aigpUAAQ,Training,Senior Financial Analyst
Alaine,Dowse,adowsedj@last.fm,628 Rockefeller Junction,Salt Lake City,Utah,84152,United States,0013t00002aigpUAAQ,Legal,VP Product Management
Blondell,O'Cuddie,bocuddiedk@ucoz.ru,129 Kenwood Center,Salt Lake City,Utah,84189,United States,0013t00002aigpUAAQ,Business Development,VP Marketing
Coletta,LLelweln,cllelwelndl@hexun.com,672 Thompson Circle,Sandy,Utah,84093,United States,0013t00002aigpUAAQ,Legal,Cost Accountant
Liane,Franschini,lfranschinidm@1688.com,5459 Monica Alley,Ogden,Utah,84403,United States,0013t00002aigpUAAQ,Training,Research Assistant III
Gorden,Escale,gescaledn@ihg.com,84626 Ridgeview Crossing,Salt Lake City,Utah,84145,United States,0013t00002aigpUAAQ,Services,Mechanical Systems Engineer
Prentiss,Kowalski,pkowalskido@ycombinator.com,4 Ronald Regan Park,Salt Lake City,Utah,84135,United States,0013t00002aigpUAAQ,Business Development,Librarian
Martina,Vasquez,mvasquezdp@topsy.com,030 Fair Oaks Road,Salt Lake City,Utah,84120,United States,0013t00002aigpUAAQ,Sales,GIS Technical Architect
Isadora,Tomasi,itomasidq@reuters.com,373 Dixon Center,Salt Lake City,Utah,84105,United States,0013t00002aigpUAAQ,Product Management,Assistant Manager
Ceil,Doman,cdomandr@europa.eu,06 Hovde Circle,Salt Lake City,Utah,84135,United States,0013t00002aigpUAAQ,Human Resources,Structural Engineer
Winn,Casey,wcaseyds@washington.edu,8 Beilfuss Point,Salt Lake City,Utah,84140,United States,0013t00002aigpUAAQ,Accounting,Web Developer IV
Borden,Bariball,bbariballdt@state.gov,60362 Kingsford Lane,Salt Lake City,Utah,84130,United States,0013t00002aigpUAAQ,Human Resources,Account Coordinator
Gill,Batrim,gbatrimdu@cam.ac.uk,6 Stephen Parkway,Salt Lake City,Utah,84145,United States,0013t00002aigpUAAQ,Sales,Statistician I
Paloma,Edgson,pedgsondv@trellian.com,176 Rowland Trail,Salt Lake City,Utah,84170,United States,0013t00002aigpUAAQ,Sales,Payment Adjustment Coordinator
